﻿<?xml version="1.0" encoding="utf-8" ?>
<TaskSet>
  <Task>
    <!--任务ID-->
    <TaskID>1</TaskID>
    <!--任务名称-->
    <TaskName>爬虫-获取代理IP</TaskName>
    <!--任务执行参数-->
    <TaskParam>{"IPUrl":"http://www.xicidaili.com/nn","DefaultProxyIp":"",IsPingIp:false}</TaskParam>
    <!--运行频率设置 每1个小时运行一次  可以使用http://jason.hahuachou.com/cron/index.htm 进行在线生成-->
    <CronExpressionString>0 0 */1 * * ?</CronExpressionString>
    <!--任务所在DLL对应的程序集名称-->
    <Assembly>Mysoft.Task</Assembly>
    <!--任务所在类包含命名空间 eg:Mysoft.Task.TaskSet(命名空间).IpProxyJob(类名)-->
    <Class>Mysoft.Task.TaskSet.IpProxyJob</Class>
    <!--任务是否启动-->
    <IsExcute>true</IsExcute>
  </Task>

  <Task>
    <TaskID>2</TaskID>
    <TaskName>测试任务,输出当前时间</TaskName>
    <TaskParam></TaskParam>
    <!--运行频率设置 每50分钟运行一次-->
    <CronExpressionString>0 */10 * * * ?</CronExpressionString>
    <Assembly>Mysoft.Task</Assembly>
    <Class>Mysoft.Task.TaskSet.TestJob</Class>
    <IsExcute>false</IsExcute>
  </Task>

  <Task>
    <TaskID>3</TaskID>
    <TaskName>快递进度信息</TaskName>
    <!--默认使用的代理IP-->
    <TaskParam>222.45.58.64:8118</TaskParam>
    <!--运行频率设置 每小时运行一次-->
    <CronExpressionString>0 0 */1 * * ?</CronExpressionString>
    <Assembly>Mysoft.Task</Assembly>
    <Class>Mysoft.Task.TaskSet.ExpressProgressJob</Class>
    <IsExcute>true</IsExcute>
  </Task>

  <Task>
    <TaskID>4</TaskID>
    <TaskName>发送信息任务</TaskName>
    <TaskParam></TaskParam>
    <!--运行频率设置 每天6:00-23:00每3分钟运行一次-->
    <CronExpressionString>0 0/3 6-23 * * ?</CronExpressionString>
    <Assembly>Mysoft.Task</Assembly>
    <Class>Mysoft.Task.TaskSet.SendMessageJob</Class>
    <IsExcute>true</IsExcute>
  </Task>

  <Task>
    <TaskID>5</TaskID>
    <!--动态修改配置文件后该任务会对比修改信息,然后修改现有任务运行信息，无需重启Windows服务-->
    <TaskName>Job修改任务</TaskName>
    <TaskParam></TaskParam>
    <!--运行频率设置 每5分钟运行一次-->
    <CronExpressionString>0 0/5 * * * ? </CronExpressionString>
    <Assembly>Mysoft.Task</Assembly>
    <Class>Mysoft.Task.TaskSet.ConfigJob</Class>
    <IsExcute>true</IsExcute>
  </Task>
</TaskSet>