﻿<?xml version="1.0" encoding="UTF-8"?>
<quartz xmlns="http://quartznet.sourceforge.net/JobSchedulingData"
        xmlns:xsi="http://www.w3.org/2001/XMLSchema-instance"
				version="1.0"
				overwrite-existing-jobs="true">
  
  <job>
		<job-detail>
			<name>jobName1</name>
			<group>jobGroup1</group>
			<job-type>QuartzComponent.SimpleQuartzJob, QuartzComponent</job-type>
		</job-detail>
  	
		<trigger>
			<simple>
				<name>simpleName</name>
				<group>simpleGroup</group>
				<job-name>jobName1</job-name>
				<job-group>jobGroup1</job-group>
				<start-time>2007-12-09T18:08:50</start-time>
				<repeat-count>100</repeat-count>
				<repeat-interval>3000</repeat-interval>
			</simple>
      </trigger>
  	<trigger>
  		<cron>
  			<name>cronName</name>
  			<group>cronGroup</group>
  			<job-name>jobName1</job-name>
  			<job-group>jobGroup1</job-group>
  			<start-time>1982-06-28T18:15:00+02:00</start-time>
  			<cron-expression>0/10 * * * * ?</cron-expression>
  		</cron>
  	</trigger>
	</job>
</quartz>

